{
  "hex_colors": [
    "#7C3018",
    "#0275DC",
    "#70FC28",
    "#116B28",
    "#305566",
    "#F021D8",
    "#172CBB",
    "#8B7937",
    "#F97762",
    "#EBA60A",
    "#ED3415",
    "#E1FC16",
    "#C1FCCC",
    "#D0054A",
    "#000000"
  ],
  "rgb_colors": [
    [
      0.9443639468635106,
      0.19937658668103897,
      0.5061943898898966
    ],
    [
      0.40104679452692,
      0.13719487215937165,
      0.4601961358131516
    ],
    [
      0.4170064961876674,
      0.4442272664626066,
      0.6177117938642862
    ],
    [
      0.2039829659532032,
      0.7163880401705995,
      0.1592528413144501
    ],
    [
      0.15487615325596585,
      0.48448326156887717,
      0.8700271446092834
    ],
    [
      0.17687220500058426,
      0.37740683300997485,
      0.18888129847837595
    ],
    [
      0.8896544158470632,
      0.5493165984535602,
      0.6303356181077703
    ],
    [
      0.8563180658692595,
      0.01609233666123253,
      0.243536659751101
    ],
    [
      0.27434474144641935,
      0.8498607519708459,
      0.2260478630860776
    ],
    [
      0.7964402014054979,
      0.7419278763125191,
      0.8799285477063202
    ],
    [
      0.989166693975608,
      0.16029579047041145,
      0.8465446656312418
    ],
    [
      0.7255308281194147,
      0.8953448451679082,
      0.2997067591724791
    ],
    [
      0.31129614137590056,
      0.9421868758335865,
      0.6368676399485623
    ],
    [
      0.16286674924369626,
      0.24823377964940974,
      0.8047353282169403
    ]
  ],
  "parameters": {
    "n_colors": 14,
    "cvd": "deutan",
    "l_range": [
      0.3,
      0.9
    ],
    "c_range": [
      0.0,
      0.9
    ],
    "h_range": [
      0,
      360
    ],
    "seed": null
  }
}